Date,Rank,Song,Artist,Last Week,Peak Position,Weeks on Chart
2025-01-18,1,It's Ok I'm Ok,Tate McRae,-,1,1
2025-01-18,2,Apple,Charli xcx,-,2,1
2025-01-18,3,360,Charli xcx,-,3,1
2025-01-18,4,Guess,Charli xcx Featuring Billie Eilish,-,4,1
2025-01-18,5,Sao Paulo,The Weeknd & Anitta,-,5,1
2025-01-18,6,Sympathy Is A Knife,Charli xcx Featuring Ariana Grande,-,6,1
2025-01-18,7,Sigma Boy,Betsy & Maria Yankovskaya,-,7,1
2025-01-18,8,Two,bbno$,-,8,1
2025-01-18,9,"I'm His, He's Mine",Katy Perry Featuring Doechii,-,9,1
2025-01-18,10,Joyride,Kesha,-,10,1
2025-01-18,11,Now Or Never,Bon Jovi x Pitbull,-,11,1
2025-01-18,12,Alter Ego,Doechii & JT,-,12,1
2025-01-18,13,It Boy,bbno$,-,13,1
2025-01-18,14,Pasaporte,Rauw Alejandro & Mr. Naisgai,-,14,1
2025-01-18,15,Home Sweet Home,G-Dragon Featuring Taeyang & Daesung,-,15,1
2025-01-25,1,It's Ok I'm Ok,Tate McRae,1,1,2
2025-01-25,2,Apple,Charli xcx,2,2,2
2025-01-25,3,Guess,Charli xcx Featuring Billie Eilish,4,3,2
2025-01-25,4,360,Charli xcx,3,3,2
2025-01-25,5,I'll Do It,Heidi Montag,-,5,1
2025-01-25,6,Sao Paulo,The Weeknd & Anitta,5,5,2
2025-01-25,7,Alter Ego,Doechii & JT,12,7,2
2025-01-25,8,Sympathy Is A Knife,Charli xcx Featuring Ariana Grande,6,6,2
2025-01-25,9,Superficial,Heidi Montag,-,9,1
2025-01-25,10,Sigma Boy,Betsy & Maria Yankovskaya,7,7,2
2025-01-25,11,Two,bbno$,8,8,2
2025-01-25,12,Now Or Never,Bon Jovi x Pitbull,11,11,2
2025-01-25,13,Joyride,Kesha,10,10,2
2025-01-25,14,Love For You,LOVELI LORI,-,14,1
2025-01-25,15,"I'm His, He's Mine",Katy Perry Featuring Doechii,9,9,2
2025-02-01,1,It's Ok I'm Ok,Tate McRae,1,1,3
2025-02-01,2,Apple,Charli xcx,2,2,3
2025-02-01,3,Guess,Charli xcx Featuring Billie Eilish,3,3,3
2025-02-01,4,360,Charli xcx,4,3,3
2025-02-01,5,I'll Do It,Heidi Montag,5,5,2
2025-02-01,6,Sao Paulo,The Weeknd & Anitta,6,5,3
2025-02-01,7,Alter Ego,Doechii & JT,7,7,3
2025-02-01,8,Two,bbno$,11,8,3
2025-02-01,9,Sigma Boy,Betsy & Maria Yankovskaya,10,7,3
2025-02-01,10,Sympathy Is A Knife,Charli xcx Featuring Ariana Grande,8,6,3
2025-02-01,11,Now Or Never,Bon Jovi x Pitbull,12,11,3
2025-02-01,12,Keep Me Satisfied,Jungle,-,12,1
2025-02-01,13,Joyride,Kesha,13,10,3
2025-02-01,14,Love For You,LOVELI LORI,14,14,2
2025-02-01,15,It Boy,bbno$,-,13,2
2025-02-08,1,It's Ok I'm Ok,Tate McRae,1,1,4
2025-02-08,2,Apple,Charli xcx,2,2,4
2025-02-08,3,Guess,Charli xcx Featuring Billie Eilish,3,3,4
2025-02-08,4,360,Charli xcx,4,3,4
2025-02-08,5,Sao Paulo,The Weeknd & Anitta,6,5,4
2025-02-08,6,Childlike Things,FKA Twigs Featuring North West,-,6,1
2025-02-08,7,Two,bbno$,8,7,4
2025-02-08,8,Alter Ego,Doechii & JT,7,7,4
2025-02-08,9,Striptease,FKA Twigs,-,9,1
2025-02-08,10,Eusexua,FKA Twigs,-,10,1
2025-02-08,11,Now Or Never,Bon Jovi x Pitbull,11,11,4
2025-02-08,12,Girl Feels Good,FKA Twigs,-,12,1
2025-02-08,13,Sympathy Is A Knife,Charli xcx Featuring Ariana Grande,10,6,4
2025-02-08,14,Sigma Boy,Betsy & Maria Yankovskaya,9,7,4
2025-02-08,15,Perfect Stranger,FKA Twigs,-,15,1
2025-02-15,1,Abracadabra,Lady Gaga,-,1,1
2025-02-15,2,Sao Paulo,The Weeknd & Anitta,5,2,5
2025-02-15,3,Wake Me Up,The Weeknd & Justice,-,3,1
2025-02-15,4,Open Hearts,The Weeknd,-,4,1
2025-02-15,5,Guess,Charli xcx Featuring Billie Eilish,3,3,5
2025-02-15,6,It's Ok I'm Ok,Tate McRae,1,1,5
2025-02-15,7,360,Charli xcx,4,3,5
2025-02-15,8,Apple,Charli xcx,2,2,5
2025-02-15,9,Alter Ego,Doechii & JT,8,7,5
2025-02-15,10,Two,bbno$,7,7,5
2025-02-15,11,Now Or Never,Bon Jovi x Pitbull,11,11,5
2025-02-15,12,Sympathy Is A Knife,Charli xcx Featuring Ariana Grande,13,6,5
2025-02-15,13,I'll Do It,Heidi Montag,-,5,3
2025-02-15,14,Sigma Boy,Betsy & Maria Yankovskaya,14,7,5
2025-02-15,15,Love For You,LOVELI LORI,-,14,3
2025-02-22,1,Abracadabra,Lady Gaga,1,1,2
2025-02-22,2,Born Again,LISA Featuring Doja Cat & RAYE,-,2,1
2025-02-22,3,Sao Paulo,The Weeknd & Anitta,2,2,6
2025-02-22,4,Guess,Charli xcx Featuring Billie Eilish,5,3,6
2025-02-22,5,Open Hearts,The Weeknd,4,4,2
2025-02-22,6,It's Ok I'm Ok,Tate McRae,6,1,6
2025-02-22,7,Wake Me Up,The Weeknd & Justice,3,3,2
2025-02-22,8,360,Charli xcx,7,3,6
2025-02-22,9,Apple,Charli xcx,8,2,6
2025-02-22,10,Alter Ego,Doechii & JT,9,7,6
2025-02-22,11,Two,bbno$,10,7,6
2025-02-22,12,I'll Do It,Heidi Montag,13,5,4
2025-02-22,13,Now Or Never,Bon Jovi x Pitbull,11,11,6
2025-02-22,14,Sympathy Is A Knife,Charli xcx Featuring Ariana Grande,12,6,6
2025-02-22,15,Sigma Boy,Betsy & Maria Yankovskaya,14,7,6
2025-03-01,1,Abracadabra,Lady Gaga,1,1,3
2025-03-01,2,Born Again,LISA Featuring Doja Cat & RAYE,2,2,2
2025-03-01,3,Guess,Charli xcx Featuring Billie Eilish,4,3,7
2025-03-01,4,Sao Paulo,The Weeknd & Anitta,3,2,7
2025-03-01,5,It's Ok I'm Ok,Tate McRae,6,1,7
2025-03-01,6,Open Hearts,The Weeknd,5,4,3
2025-03-01,7,360,Charli xcx,8,3,7
2025-03-01,8,Wake Me Up,The Weeknd & Justice,7,3,3
2025-03-01,9,Apple,Charli xcx,9,2,7
2025-03-01,10,Two,bbno$,11,7,7
2025-03-01,11,Alter Ego,Doechii & JT,10,7,7
2025-03-01,12,Now Or Never,Bon Jovi x Pitbull,13,11,7
2025-03-01,13,Sigma Boy,Betsy & Maria Yankovskaya,15,7,7
2025-03-01,14,Sympathy Is A Knife,Charli xcx Featuring Ariana Grande,14,6,7
2025-03-01,15,Love For You,LOVELI LORI,-,14,4
2025-03-08,1,Revolving Door,Tate McRae,-,1,1
2025-03-08,2,Abracadabra,Lady Gaga,1,1,4
2025-03-08,3,Miss Possessive,Tate McRae,-,3,1
2025-03-08,4,It's Ok I'm Ok,Tate McRae,5,1,8
2025-03-08,5,bloodonmyhands,Tate McRae Featuring Flo Milli,-,5,1
2025-03-08,6,ExtraL,JENNIE & Doechii,-,6,1
2025-03-08,7,No I'm Not In Love,Tate McRae,-,7,1
2025-03-08,8,Born Again,LISA Featuring Doja Cat & RAYE,2,2,3
2025-03-08,9,Guess,Charli xcx Featuring Billie Eilish,3,3,8
2025-03-08,10,Sao Paulo,The Weeknd & Anitta,4,2,8
2025-03-08,11,360,Charli xcx,7,3,8
2025-03-08,12,Open Hearts,The Weeknd,6,4,4
2025-03-08,13,Too Much,Dove Cameron,-,13,1
2025-03-08,14,Apple,Charli xcx,9,2,8
2025-03-08,15,Wake Me Up,The Weeknd & Justice,8,3,4
2025-03-15,1,Revolving Door,Tate McRae,1,1,2
2025-03-15,2,Abracadabra,Lady Gaga,2,1,5
2025-03-15,3,It's Ok I'm Ok,Tate McRae,4,1,9
2025-03-15,4,Miss Possessive,Tate McRae,3,3,2
2025-03-15,5,Born Again,LISA Featuring Doja Cat & RAYE,8,2,4
2025-03-15,6,bloodonmyhands,Tate McRae Featuring Flo Milli,5,5,2
2025-03-15,7,ExtraL,JENNIE & Doechii,6,6,2
2025-03-15,8,Guess,Charli xcx Featuring Billie Eilish,9,3,9
2025-03-15,9,No I'm Not In Love,Tate McRae,7,7,2
2025-03-15,10,Sao Paulo,The Weeknd & Anitta,10,2,9
2025-03-15,11,360,Charli xcx,11,3,9
2025-03-15,12,Too Much,Dove Cameron,13,12,2
2025-03-15,13,Apple,Charli xcx,14,2,9
2025-03-15,14,Moonlit Floor,LISA,-,14,1
2025-03-15,15,Chill,LISA,-,15,1
2025-03-22,1,Abracadabra,Lady Gaga,2,1,6
2025-03-22,2,Revolving Door,Tate McRae,1,1,3
2025-03-22,3,Garden Of Eden,Lady Gaga,-,3,1
2025-03-22,4,Vanish Into You,Lady Gaga,-,4,1
2025-03-22,5,Disease,Lady Gaga,-,5,1
2025-03-22,6,Zombieboy,Lady Gaga,-,6,1
2025-03-22,7,It's Ok I'm Ok,Tate McRae,3,1,10
2025-03-22,8,Killah,Lady Gaga Featuring Gesaffelstein,-,8,1
2025-03-22,9,LoveDrug,Lady Gaga,-,9,1
2025-03-22,10,ExtraL,JENNIE & Doechii,7,6,3
2025-03-22,11,Shadow Of A Man,Lady Gaga,-,11,1
2025-03-22,12,Miss Possessive,Tate McRae,4,3,3
2025-03-22,13,Don't Call Tonight,Lady Gaga,-,13,1
2025-03-22,14,Born Again,LISA Featuring Doja Cat & RAYE,5,2,5
2025-03-22,15,bloodonmyhands,Tate McRae Featuring Flo Milli,6,5,3
2025-03-29,1,Abracadabra,Lady Gaga,1,1,7
2025-03-29,2,Revolving Door,Tate McRae,2,1,4
2025-03-29,3,Garden Of Eden,Lady Gaga,3,3,2
2025-03-29,4,It's Ok I'm Ok,Tate McRae,7,1,11
2025-03-29,5,Disease,Lady Gaga,5,5,2
2025-03-29,6,ExtraL,JENNIE & Doechii,10,6,4
2025-03-29,7,Vanish Into You,Lady Gaga,4,4,2
2025-03-29,8,Miss Possessive,Tate McRae,12,3,4
2025-03-29,9,Born Again,LISA Featuring Doja Cat & RAYE,14,2,6
2025-03-29,10,Guess,Charli xcx Featuring Billie Eilish,-,3,10
2025-03-29,11,bloodonmyhands,Tate McRae Featuring Flo Milli,15,5,4
2025-03-29,12,Zombieboy,Lady Gaga,6,6,2
2025-03-29,13,Too Much,Dove Cameron,-,12,3
2025-03-29,14,Shadow Of A Man,Lady Gaga,11,11,2
2025-03-29,15,360,Charli xcx,-,3,10
2025-04-05,1,Abracadabra,Lady Gaga,1,1,8
2025-04-05,2,Revolving Door,Tate McRae,2,1,5
2025-04-05,3,It's Ok I'm Ok,Tate McRae,4,1,12
2025-04-05,4,Bluest Flame,Selena Gomez & Benny Blanco,-,4,1
2025-04-05,5,Garden Of Eden,Lady Gaga,3,3,3
2025-04-05,6,ExtraL,JENNIE & Doechii,6,6,5
2025-04-05,7,Miss Possessive,Tate McRae,8,3,5
2025-04-05,8,Born Again,LISA Featuring Doja Cat & RAYE,9,2,7
2025-04-05,9,Guess,Charli xcx Featuring Billie Eilish,10,3,11
2025-04-05,10,Disease,Lady Gaga,5,5,3
2025-04-05,11,Too Much,Dove Cameron,13,11,4
2025-04-05,12,Vanish Into You,Lady Gaga,7,4,3
2025-04-05,13,bloodonmyhands,Tate McRae Featuring Flo Milli,11,5,5
2025-04-05,14,360,Charli xcx,15,3,11
2025-04-05,15,Sao Paulo,The Weeknd & Anitta,-,2,10
2025-04-12,1,Abracadabra,Lady Gaga,1,1,9
2025-04-12,2,Revolving Door,Tate McRae,2,1,6
2025-04-12,3,It's Ok I'm Ok,Tate McRae,3,1,13
2025-04-12,4,Bluest Flame,Selena Gomez & Benny Blanco,4,4,2
2025-04-12,5,Garden Of Eden,Lady Gaga,5,3,4
2025-04-12,6,Guess,Charli xcx Featuring Billie Eilish,9,3,12
2025-04-12,7,ExtraL,JENNIE & Doechii,6,6,6
2025-04-12,8,Too Much,Dove Cameron,11,8,5
2025-04-12,9,Disease,Lady Gaga,10,5,4
2025-04-12,10,Miss Possessive,Tate McRae,7,3,6
2025-04-12,11,bloodonmyhands,Tate McRae Featuring Flo Milli,13,5,6
2025-04-12,12,Born Again,LISA Featuring Doja Cat & RAYE,8,2,8
2025-04-12,13,Now Or Never,Bon Jovi x Pitbull,-,11,8
2025-04-12,14,360,Charli xcx,14,3,12
2025-04-12,15,Vanish Into You,Lady Gaga,12,4,4
2025-04-19,1,Abracadabra,Lady Gaga,1,1,10
2025-04-19,2,Revolving Door,Tate McRae,2,1,7
2025-04-19,3,It's Ok I'm Ok,Tate McRae,3,1,14
2025-04-19,4,Bluest Flame,Selena Gomez & Benny Blanco,4,4,3
2025-04-19,5,Tonight,PinkPantheress,-,5,1
2025-04-19,6,Guess,Charli xcx Featuring Billie Eilish,6,3,13
2025-04-19,7,Too Much,Dove Cameron,8,7,6
2025-04-19,8,ExtraL,JENNIE & Doechii,7,6,7
2025-04-19,9,Now Or Never,Bon Jovi x Pitbull,13,9,9
2025-04-19,10,bloodonmyhands,Tate McRae Featuring Flo Milli,11,5,7
2025-04-19,11,Miss Possessive,Tate McRae,10,3,7
2025-04-19,12,Disease,Lady Gaga,9,5,5
2025-04-19,13,360,Charli xcx,14,3,13
2025-04-19,14,Garden Of Eden,Lady Gaga,5,3,5
2025-04-19,15,Sao Paulo,The Weeknd & Anitta,-,2,11
2025-04-26,1,Abracadabra,Lady Gaga,1,1,11
2025-04-26,2,Revolving Door,Tate McRae,2,1,8
2025-04-26,3,Guess,Charli xcx Featuring Billie Eilish,6,3,14
2025-04-26,4,It's Ok I'm Ok,Tate McRae,3,1,15
2025-04-26,5,Bluest Flame,Selena Gomez & Benny Blanco,4,4,4
2025-04-26,6,Too Much,Dove Cameron,7,6,7
2025-04-26,7,Disease,Lady Gaga,12,5,6
2025-04-26,8,360,Charli xcx,13,3,14
2025-04-26,9,ExtraL,JENNIE & Doechii,8,6,8
2025-04-26,10,Now Or Never,Bon Jovi x Pitbull,9,9,10
2025-04-26,11,Tonight,PinkPantheress,5,5,2
2025-04-26,12,Garden Of Eden,Lady Gaga,14,3,6
2025-04-26,13,bloodonmyhands,Tate McRae Featuring Flo Milli,10,5,8
2025-04-26,14,Miss Possessive,Tate McRae,11,3,8
2025-04-26,15,Apple,Charli xcx,-,2,10
2025-05-03,1,Abracadabra,Lady Gaga,1,1,12
2025-05-03,2,Revolving Door,Tate McRae,2,1,9
2025-05-03,3,It's Ok I'm Ok,Tate McRae,4,1,16
2025-05-03,4,Guess,Charli xcx Featuring Billie Eilish,3,3,15
2025-05-03,5,Bluest Flame,Selena Gomez & Benny Blanco,5,4,5
2025-05-03,6,360,Charli xcx,8,3,15
2025-05-03,7,Disease,Lady Gaga,7,5,7
2025-05-03,8,ExtraL,JENNIE & Doechii,9,6,9
2025-05-03,9,Now Or Never,Bon Jovi x Pitbull,10,9,11
2025-05-03,10,Apple,Charli xcx,15,2,11
2025-05-03,11,Garden Of Eden,Lady Gaga,12,3,7
2025-05-03,12,Vanish Into You,Lady Gaga,-,4,5
2025-05-03,13,bloodonmyhands,Tate McRae Featuring Flo Milli,13,5,9
2025-05-03,14,Sao Paulo,The Weeknd & Anitta,-,2,12
2025-05-03,15,Tonight,PinkPantheress,11,5,3
2025-05-10,1,Abracadabra,Lady Gaga,1,1,13
2025-05-10,2,Revolving Door,Tate McRae,2,1,10
2025-05-10,3,Guess,Charli xcx Featuring Billie Eilish,4,3,16
2025-05-10,4,It's Ok I'm Ok,Tate McRae,3,1,17
2025-05-10,5,360,Charli xcx,6,3,16
2025-05-10,6,Bluest Flame,Selena Gomez & Benny Blanco,5,4,6
2025-05-10,7,Apple,Charli xcx,10,2,12
2025-05-10,8,Disease,Lady Gaga,7,5,8
2025-05-10,9,Now Or Never,Bon Jovi x Pitbull,9,9,12
2025-05-10,10,ExtraL,JENNIE & Doechii,8,6,10
2025-05-10,11,Stateside,PinkPantheress With Zara Larsson,-,11,1
2025-05-10,12,Garden Of Eden,Lady Gaga,11,3,8
2025-05-10,13,Tonight,PinkPantheress,15,5,4
2025-05-10,14,Sao Paulo,The Weeknd & Anitta,14,2,13
2025-05-10,15,bloodonmyhands,Tate McRae Featuring Flo Milli,13,5,10
2025-05-17,1,Abracadabra,Lady Gaga,1,1,14
2025-05-17,2,Revolving Door,Tate McRae,2,1,11
2025-05-17,3,Guess,Charli xcx Featuring Billie Eilish,3,3,17
2025-05-17,4,It's Ok I'm Ok,Tate McRae,4,1,18
2025-05-17,5,360,Charli xcx,5,3,17
2025-05-17,6,Bluest Flame,Selena Gomez & Benny Blanco,6,4,7
2025-05-17,7,Apple,Charli xcx,7,2,13
2025-05-17,8,Disease,Lady Gaga,8,5,9
2025-05-17,9,ExtraL,JENNIE & Doechii,10,6,11
2025-05-17,10,Garden Of Eden,Lady Gaga,12,3,9
2025-05-17,11,Sao Paulo,The Weeknd & Anitta,14,2,14
2025-05-17,12,Now Or Never,Bon Jovi x Pitbull,9,9,13
2025-05-17,13,Vanish Into You,Lady Gaga,-,4,6
2025-05-17,14,bloodonmyhands,Tate McRae Featuring Flo Milli,15,5,11
2025-05-17,15,Too Much,Dove Cameron,-,6,8
2025-05-24,1,Abracadabra,Lady Gaga,1,1,15
2025-05-24,2,Revolving Door,Tate McRae,2,1,12
2025-05-24,3,It's Ok I'm Ok,Tate McRae,4,1,19
2025-05-24,4,Guess,Charli xcx Featuring Billie Eilish,3,3,18
2025-05-24,5,Illegal,PinkPantheress,-,5,1
2025-05-24,6,360,Charli xcx,5,3,18
2025-05-24,7,Tonight,PinkPantheress,-,5,5
2025-05-24,8,Sao Paulo,The Weeknd & Anitta,11,2,15
2025-05-24,9,Bluest Flame,Selena Gomez & Benny Blanco,6,4,8
2025-05-24,10,Apple,Charli xcx,7,2,14
2025-05-24,11,Stateside,PinkPantheress With Zara Larsson,-,11,2
2025-05-24,12,Disease,Lady Gaga,8,5,10
2025-05-24,13,ExtraL,JENNIE & Doechii,9,6,12
2025-05-24,14,Miss Possessive,Tate McRae,-,3,9
2025-05-24,15,bloodonmyhands,Tate McRae Featuring Flo Milli,14,5,12
2025-05-31,1,Abracadabra,Lady Gaga,1,1,16
2025-05-31,2,Revolving Door,Tate McRae,2,1,13
2025-05-31,3,Friend Of Mine,Rihanna,-,3,1
2025-05-31,4,It's Ok I'm Ok,Tate McRae,3,1,20
2025-05-31,5,Guess,Charli xcx Featuring Billie Eilish,4,3,19
2025-05-31,6,360,Charli xcx,6,3,19
2025-05-31,7,Sao Paulo,The Weeknd & Anitta,8,2,16
2025-05-31,8,Apple,Charli xcx,10,2,15
2025-05-31,9,ExtraL,JENNIE & Doechii,13,6,13
2025-05-31,10,Disease,Lady Gaga,12,5,11
2025-05-31,11,Illegal,PinkPantheress,5,5,2
2025-05-31,12,Bluest Flame,Selena Gomez & Benny Blanco,9,4,9
2025-05-31,13,bloodonmyhands,Tate McRae Featuring Flo Milli,15,5,13
2025-05-31,14,Miss Possessive,Tate McRae,14,3,10
2025-05-31,15,Tonight,PinkPantheress,7,5,6
2025-06-07,1,Abracadabra,Lady Gaga,1,1,17
2025-06-07,2,Revolving Door,Tate McRae,2,1,14
2025-06-07,3,It's Ok I'm Ok,Tate McRae,4,1,21
2025-06-07,4,Guess,Charli xcx Featuring Billie Eilish,5,3,20
2025-06-07,5,360,Charli xcx,6,3,20
2025-06-07,6,Sao Paulo,The Weeknd & Anitta,7,2,17
2025-06-07,7,Friend Of Mine,Rihanna,3,3,2
2025-06-07,8,Apple,Charli xcx,8,2,16
2025-06-07,9,bloodonmyhands,Tate McRae Featuring Flo Milli,13,5,14
2025-06-07,10,Disease,Lady Gaga,10,5,12
2025-06-07,11,Miss Possessive,Tate McRae,14,3,11
2025-06-07,12,Bluest Flame,Selena Gomez & Benny Blanco,12,4,10
2025-06-07,13,Too Much,Dove Cameron,-,6,9
2025-06-07,14,Illegal,PinkPantheress,11,5,3
2025-06-07,15,ExtraL,JENNIE & Doechii,9,6,14
2025-06-14,1,Just Keep Watching,Tate McRae,-,1,1
2025-06-14,2,Abracadabra,Lady Gaga,1,1,18
2025-06-14,3,Fame Is A Gun,Addison Rae,-,3,1
2025-06-14,4,Revolving Door,Tate McRae,2,1,15
2025-06-14,5,It's Ok I'm Ok,Tate McRae,3,1,22
2025-06-14,6,Guess,Charli xcx Featuring Billie Eilish,4,3,21
2025-06-14,7,360,Charli xcx,5,3,21
2025-06-14,8,Sao Paulo,The Weeknd & Anitta,6,2,18
2025-06-14,9,Apple,Charli xcx,8,2,17
2025-06-14,10,Illegal,PinkPantheress,14,5,4
2025-06-14,11,Friend Of Mine,Rihanna,7,3,3
2025-06-14,12,bloodonmyhands,Tate McRae Featuring Flo Milli,9,5,15
2025-06-14,13,Miss Possessive,Tate McRae,11,3,12
2025-06-14,14,Disease,Lady Gaga,10,5,13
2025-06-14,15,Too Much,Dove Cameron,13,6,10
2025-06-21,1,Abracadabra,Lady Gaga,2,1,19
2025-06-21,2,Just Keep Watching,Tate McRae,1,1,2
2025-06-21,3,Fame Is A Gun,Addison Rae,3,3,2
2025-06-21,4,Revolving Door,Tate McRae,4,1,16
2025-06-21,5,It's Ok I'm Ok,Tate McRae,5,1,23
2025-06-21,6,New York,Addison Rae,-,6,1
2025-06-21,7,Guess,Charli xcx Featuring Billie Eilish,6,3,22
2025-06-21,8,Aquamarine,Addison Rae,-,8,1
2025-06-21,9,Sao Paulo,The Weeknd & Anitta,8,2,19
2025-06-21,10,360,Charli xcx,7,3,22
2025-06-21,11,High Fashion,Addison Rae,-,11,1
2025-06-21,12,Illegal,PinkPantheress,10,5,5
2025-06-21,13,Apple,Charli xcx,9,2,18
2025-06-21,14,In The Rain,Addison Rae,-,14,1
2025-06-21,15,bloodonmyhands,Tate McRae Featuring Flo Milli,12,5,16
2025-06-28,1,Abracadabra,Lady Gaga,1,1,20
2025-06-28,2,Just Keep Watching,Tate McRae,2,1,3
2025-06-28,3,Fame Is A Gun,Addison Rae,3,3,3
2025-06-28,4,Revolving Door,Tate McRae,4,1,17
2025-06-28,5,It's Ok I'm Ok,Tate McRae,5,1,24
2025-06-28,6,Guess,Charli xcx Featuring Billie Eilish,7,3,23
2025-06-28,7,360,Charli xcx,10,3,23
2025-06-28,8,Sao Paulo,The Weeknd & Anitta,9,2,20
2025-06-28,9,Illegal,PinkPantheress,12,5,6
2025-06-28,10,Apple,Charli xcx,13,2,19
2025-06-28,11,New York,Addison Rae,6,6,2
2025-06-28,12,Too Much,Dove Cameron,-,6,11
2025-06-28,13,bloodonmyhands,Tate McRae Featuring Flo Milli,15,5,17
2025-06-28,14,Disease,Lady Gaga,-,5,14
2025-06-28,15,Miss Possessive,Tate McRae,-,3,13
2025-07-05,1,Abracadabra,Lady Gaga,1,1,21
2025-07-05,2,Just Keep Watching,Tate McRae,2,1,4
2025-07-05,3,How It's Done,"HUNTR/X: EJAE, Audrey Nuna & REI AMI",-,3,1
2025-07-05,4,Revolving Door,Tate McRae,4,1,18
2025-07-05,5,Fame Is A Gun,Addison Rae,3,3,4
2025-07-05,6,Illegal,PinkPantheress,9,5,7
2025-07-05,7,Takedown,"HUNTR/X: EJAE, Audrey Nuna & REI AMI",-,7,1
2025-07-05,8,It's Ok I'm Ok,Tate McRae,5,1,25
2025-07-05,9,Guess,Charli xcx Featuring Billie Eilish,6,3,24
2025-07-05,10,360,Charli xcx,7,3,24
2025-07-05,11,Sao Paulo,The Weeknd & Anitta,8,2,21
2025-07-05,12,Apple,Charli xcx,10,2,20
2025-07-05,13,Airplane Mode,Limbo,-,13,1
2025-07-05,14,Too Much,Dove Cameron,12,6,12
2025-07-05,15,bloodonmyhands,Tate McRae Featuring Flo Milli,13,5,18
2025-07-12,1,How It's Done,"HUNTR/X: EJAE, Audrey Nuna & REI AMI",3,1,2
2025-07-12,2,Just Keep Watching,Tate McRae,2,1,5
2025-07-12,3,Abracadabra,Lady Gaga,1,1,22
2025-07-12,4,Takedown,"HUNTR/X: EJAE, Audrey Nuna & REI AMI",7,4,2
2025-07-12,5,Revolving Door,Tate McRae,4,1,19
2025-07-12,6,Illegal,PinkPantheress,6,5,8
2025-07-12,7,Fame Is A Gun,Addison Rae,5,3,5
2025-07-12,8,It's Ok I'm Ok,Tate McRae,8,1,26
2025-07-12,9,Guess,Charli xcx Featuring Billie Eilish,9,3,25
2025-07-12,10,Sao Paulo,The Weeknd & Anitta,11,2,22
2025-07-12,11,360,Charli xcx,10,3,25
2025-07-12,12,Apple,Charli xcx,12,2,21
2025-07-12,13,Airplane Mode,Limbo,13,13,2
2025-07-12,14,1-800,bbno$ & Ironmouse,-,14,1
2025-07-12,15,Too Much,Dove Cameron,14,6,13
2025-07-19,1,How It's Done,"HUNTR/X: EJAE, Audrey Nuna & REI AMI",1,1,3
2025-07-19,2,Takedown,"HUNTR/X: EJAE, Audrey Nuna & REI AMI",4,2,3
2025-07-19,3,Just Keep Watching,Tate McRae,2,1,6
2025-07-19,4,Abracadabra,Lady Gaga,3,1,23
2025-07-19,5,Illegal,PinkPantheress,6,5,9
2025-07-19,6,Revolving Door,Tate McRae,5,1,20
2025-07-19,7,Fame Is A Gun,Addison Rae,7,3,6
2025-07-19,8,It's Ok I'm Ok,Tate McRae,8,1,27
2025-07-19,9,Guess,Charli xcx Featuring Billie Eilish,9,3,26
2025-07-19,10,Sao Paulo,The Weeknd & Anitta,10,2,23
2025-07-19,11,360,Charli xcx,11,3,26
2025-07-19,12,Apple,Charli xcx,12,2,22
2025-07-19,13,Red Flag.,Kesha,-,13,1
2025-07-19,14,Airplane Mode,Limbo,13,13,3
2025-07-19,15,1-800,bbno$ & Ironmouse,14,14,2
2025-07-26,1,How It's Done,"HUNTR/X: EJAE, Audrey Nuna & REI AMI",1,1,4
2025-07-26,2,Jump,BLACKPINK,-,2,1
2025-07-26,3,Takedown,"HUNTR/X: EJAE, Audrey Nuna & REI AMI",2,2,4
2025-07-26,4,Just Keep Watching,Tate McRae,3,1,7
2025-07-26,5,Abracadabra,Lady Gaga,4,1,24
2025-07-26,6,Revolving Door,Tate McRae,6,1,21
2025-07-26,7,Illegal,PinkPantheress,5,5,10
2025-07-26,8,Fame Is A Gun,Addison Rae,7,3,7
2025-07-26,9,It's Ok I'm Ok,Tate McRae,8,1,28
2025-07-26,10,Sao Paulo,The Weeknd & Anitta,10,2,24
2025-07-26,11,Airplane Mode,Limbo,14,11,4
2025-07-26,12,Apple,Charli xcx,12,2,23
2025-07-26,13,1-800,bbno$ & Ironmouse,15,13,3
2025-07-26,14,Too Much,Dove Cameron,-,6,14
2025-07-26,15,Disease,Lady Gaga,-,5,15
2025-08-02,1,How It's Done,"HUNTR/X: EJAE, Audrey Nuna & REI AMI",1,1,5
2025-08-02,2,Takedown,"HUNTR/X: EJAE, Audrey Nuna & REI AMI",3,2,5
2025-08-02,3,Jump,BLACKPINK,2,2,2
2025-08-02,4,Just Keep Watching,Tate McRae,4,1,8
2025-08-02,5,Abracadabra,Lady Gaga,5,1,25
2025-08-02,6,Revolving Door,Tate McRae,6,1,22
2025-08-02,7,Illegal,PinkPantheress,7,5,11
2025-08-02,8,Fame Is A Gun,Addison Rae,8,3,8
2025-08-02,9,It's Ok I'm Ok,Tate McRae,9,1,29
2025-08-02,10,As Alive As You Need Me To Be,Nine Inch Nails,-,10,1
2025-08-02,11,Sao Paulo,The Weeknd & Anitta,10,2,25
2025-08-02,12,Airplane Mode,Limbo,11,11,5
2025-08-02,13,Apple,Charli xcx,12,2,24
2025-08-02,14,1-800,bbno$ & Ironmouse,13,13,4
2025-08-02,15,Disease,Lady Gaga,15,5,16
2025-08-09,1,How It's Done,"HUNTR/X: EJAE, Audrey Nuna & REI AMI",1,1,6
2025-08-09,2,Takedown,"HUNTR/X: EJAE, Audrey Nuna & REI AMI",2,2,6
2025-08-09,3,Just Keep Watching,Tate McRae,4,1,9
2025-08-09,4,Jump,BLACKPINK,3,2,3
2025-08-09,5,Abracadabra,Lady Gaga,5,1,26
2025-08-09,6,Revolving Door,Tate McRae,6,1,23
2025-08-09,7,End Of Summer,Tame Impala,-,7,1
2025-08-09,8,Illegal,PinkPantheress,7,5,12
2025-08-09,9,Fame Is A Gun,Addison Rae,8,3,9
2025-08-09,10,It's Ok I'm Ok,Tate McRae,9,1,30
2025-08-09,11,Sao Paulo,The Weeknd & Anitta,11,2,26
2025-08-09,12,Apple,Charli xcx,13,2,25
2025-08-09,13,1-800,bbno$ & Ironmouse,14,13,5
2025-08-09,14,Airplane Mode,Limbo,12,11,6
2025-08-09,15,As Alive As You Need Me To Be,Nine Inch Nails,10,10,2
2025-08-16,1,How It's Done,"HUNTR/X: EJAE, Audrey Nuna & REI AMI",1,1,7
2025-08-16,2,Takedown,"HUNTR/X: EJAE, Audrey Nuna & REI AMI",2,2,7
2025-08-16,3,Jump,BLACKPINK,4,2,4
2025-08-16,4,Just Keep Watching,Tate McRae,3,1,10
2025-08-16,5,Revolving Door,Tate McRae,6,1,24
2025-08-16,6,Abracadabra,Lady Gaga,5,1,27
2025-08-16,7,Illegal,PinkPantheress,8,5,13
2025-08-16,8,Fast,Demi Lovato,-,8,1
2025-08-16,9,It's Ok I'm Ok,Tate McRae,10,1,31
2025-08-16,10,Fame Is A Gun,Addison Rae,9,3,10
2025-08-16,11,End Of Summer,Tame Impala,7,7,2
2025-08-16,12,1-800,bbno$ & Ironmouse,13,12,6
2025-08-16,13,Apple,Charli xcx,12,2,26
2025-08-16,14,Airplane Mode,Limbo,14,11,7
2025-08-16,15,Miss Possessive,Tate McRae,-,3,14
2025-08-23,1,How It's Done,"HUNTR/X: EJAE, Audrey Nuna & REI AMI",1,1,8
2025-08-23,2,Takedown,"HUNTR/X: EJAE, Audrey Nuna & REI AMI",2,2,8
2025-08-23,3,Just Keep Watching,Tate McRae,4,1,11
2025-08-23,4,Jump,BLACKPINK,3,2,5
2025-08-23,5,Revolving Door,Tate McRae,5,1,25
2025-08-23,6,Abracadabra,Lady Gaga,6,1,28
2025-08-23,7,Illegal,PinkPantheress,7,5,14
2025-08-23,8,It's Ok I'm Ok,Tate McRae,9,1,32
2025-08-23,9,Fame Is A Gun,Addison Rae,10,3,11
2025-08-23,10,Fast,Demi Lovato,8,8,2
2025-08-23,11,1-800,bbno$ & Ironmouse,12,11,7
2025-08-23,12,Miss Possessive,Tate McRae,15,3,15
2025-08-23,13,End Of Summer,Tame Impala,11,7,3
2025-08-23,14,Alter Ego,Doechii & JT,-,7,8
2025-08-23,15,Airplane Mode,Limbo,14,11,8
2025-08-30,1,How It's Done,"HUNTR/X: EJAE, Audrey Nuna & REI AMI",1,1,9
2025-08-30,2,Takedown,"HUNTR/X: EJAE, Audrey Nuna & REI AMI",2,2,9
2025-08-30,3,Just Keep Watching,Tate McRae,3,1,12
2025-08-30,4,Jump,BLACKPINK,4,2,6
2025-08-30,5,Revolving Door,Tate McRae,5,1,26
2025-08-30,6,Abracadabra,Lady Gaga,6,1,29
2025-08-30,7,It's Ok I'm Ok,Tate McRae,8,1,33
2025-08-30,8,Illegal,PinkPantheress,7,5,15
2025-08-30,9,Fame Is A Gun,Addison Rae,9,3,12
2025-08-30,10,In Plain Sight,Khalid,-,10,1
2025-08-30,11,1-800,bbno$ & Ironmouse,11,11,8
2025-08-30,12,Miss Possessive,Tate McRae,12,3,16
2025-08-30,13,Fast,Demi Lovato,10,8,3
2025-08-30,14,bloodonmyhands,Tate McRae Featuring Flo Milli,-,5,19
2025-08-30,15,Disease,Lady Gaga,-,5,17
2025-09-06,1,How It's Done,"HUNTR/X: EJAE, Audrey Nuna & REI AMI",1,1,10
2025-09-06,2,Takedown,"HUNTR/X: EJAE, Audrey Nuna & REI AMI",2,2,10
2025-09-06,3,Jealous Type,Doja Cat,-,3,1
2025-09-06,4,Ceremony,Stray Kids,-,4,1
2025-09-06,5,Just Keep Watching,Tate McRae,3,1,13
2025-09-06,6,Revolving Door,Tate McRae,5,1,27
2025-09-06,7,Jump,BLACKPINK,4,2,7
2025-09-06,8,Abracadabra,Lady Gaga,6,1,30
2025-09-06,9,It's Ok I'm Ok,Tate McRae,7,1,34
2025-09-06,10,Illegal,PinkPantheress,8,5,16
2025-09-06,11,Fame Is A Gun,Addison Rae,9,3,13
2025-09-06,12,1-800,bbno$ & Ironmouse,11,11,9
2025-09-06,13,As Alive As You Need Me To Be,Nine Inch Nails,-,10,3
2025-09-06,14,Miss Possessive,Tate McRae,12,3,17
2025-09-06,15,bloodonmyhands,Tate McRae Featuring Flo Milli,14,5,20
2025-09-13,1,How It's Done,"HUNTR/X: EJAE, Audrey Nuna & REI AMI",1,1,11
2025-09-13,2,Takedown,"HUNTR/X: EJAE, Audrey Nuna & REI AMI",2,2,11
2025-09-13,3,Jealous Type,Doja Cat,3,3,2
2025-09-13,4,Revolving Door,Tate McRae,6,1,28
2025-09-13,5,Just Keep Watching,Tate McRae,5,1,14
2025-09-13,6,Jump,BLACKPINK,7,2,8
2025-09-13,7,Abracadabra,Lady Gaga,8,1,31
2025-09-13,8,Ceremony,Stray Kids,4,4,2
2025-09-13,9,It's Ok I'm Ok,Tate McRae,9,1,35
2025-09-13,10,The Dead Dance,Lady Gaga,-,10,1
2025-09-13,11,Illegal,PinkPantheress,10,5,17
2025-09-13,12,Fame Is A Gun,Addison Rae,11,3,14
2025-09-13,13,1-800,bbno$ & Ironmouse,12,11,10
2025-09-13,14,Miss Possessive,Tate McRae,14,3,18
2025-09-13,15,As Alive As You Need Me To Be,Nine Inch Nails,13,10,4
2025-09-20,1,How It's Done,"HUNTR/X: EJAE, Audrey Nuna & REI AMI",1,1,12
2025-09-20,2,Takedown,"HUNTR/X: EJAE, Audrey Nuna & REI AMI",2,2,12
2025-09-20,3,The Dead Dance,Lady Gaga,10,3,2
2025-09-20,4,Jealous Type,Doja Cat,3,3,3
2025-09-20,5,Revolving Door,Tate McRae,4,1,29
2025-09-20,6,Just Keep Watching,Tate McRae,5,1,15
2025-09-20,7,Jump,BLACKPINK,6,2,9
2025-09-20,8,Abracadabra,Lady Gaga,7,1,32
2025-09-20,9,It's Ok I'm Ok,Tate McRae,9,1,36
2025-09-20,10,Ceremony,Stray Kids,8,4,3
2025-09-20,11,Illegal,PinkPantheress,11,5,18
2025-09-20,12,Fame Is A Gun,Addison Rae,12,3,15
2025-09-20,13,1-800,bbno$ & Ironmouse,13,11,11
2025-09-20,14,Miss Possessive,Tate McRae,14,3,19
2025-09-20,15,As Alive As You Need Me To Be,Nine Inch Nails,15,10,5
2025-09-27,1,How It's Done,"HUNTR/X: EJAE, Audrey Nuna & REI AMI",1,1,13
2025-09-27,2,Takedown,"HUNTR/X: EJAE, Audrey Nuna & REI AMI",2,2,13
2025-09-27,3,The Dead Dance,Lady Gaga,3,3,3
2025-09-27,4,Revolving Door,Tate McRae,5,1,30
2025-09-27,5,Jealous Type,Doja Cat,4,3,4
2025-09-27,6,Just Keep Watching,Tate McRae,6,1,16
2025-09-27,7,Breakin' Dishes,Rihanna,-,7,1
2025-09-27,8,Jump,BLACKPINK,7,2,10
2025-09-27,9,Abracadabra,Lady Gaga,8,1,33
2025-09-27,10,It's Ok I'm Ok,Tate McRae,9,1,37
2025-09-27,11,Ceremony,Stray Kids,10,4,4
2025-09-27,12,Illegal,PinkPantheress,11,5,19
2025-09-27,13,Here All Night,Demi Lovato,-,13,1
2025-09-27,14,Miss Possessive,Tate McRae,14,3,20
2025-09-27,15,Fame Is A Gun,Addison Rae,12,3,16
2025-10-04,1,How It's Done,"HUNTR/X: EJAE, Audrey Nuna & REI AMI",1,1,14
2025-10-04,2,Takedown,"HUNTR/X: EJAE, Audrey Nuna & REI AMI",2,2,14
2025-10-04,3,Revolving Door,Tate McRae,4,1,31
2025-10-04,4,Jealous Type,Doja Cat,5,3,5
2025-10-04,5,The Dead Dance,Lady Gaga,3,3,4
2025-10-04,6,Just Keep Watching,Tate McRae,6,1,17
2025-10-04,7,Breakin' Dishes,Rihanna,7,7,2
2025-10-04,8,Jump,BLACKPINK,8,2,11
2025-10-04,9,Abracadabra,Lady Gaga,9,1,34
2025-10-04,10,It's Ok I'm Ok,Tate McRae,10,1,38
2025-10-04,11,Yes Baby,Madison Beer,-,11,1
2025-10-04,12,Ceremony,Stray Kids,11,4,5
2025-10-04,13,As Alive As You Need Me To Be,Nine Inch Nails,-,10,6
2025-10-04,14,Illegal,PinkPantheress,12,5,20
2025-10-04,15,Miss Possessive,Tate McRae,14,3,21
2025-10-11,1,How It's Done,"HUNTR/X: EJAE, Audrey Nuna & REI AMI",1,1,15
2025-10-11,2,Takedown,"HUNTR/X: EJAE, Audrey Nuna & REI AMI",2,2,15
2025-10-11,3,Jealous Type,Doja Cat,4,3,6
2025-10-11,4,Revolving Door,Tate McRae,3,1,32
2025-10-11,5,The Dead Dance,Lady Gaga,5,3,5
2025-10-11,6,Just Keep Watching,Tate McRae,6,1,18
2025-10-11,7,Breakin' Dishes,Rihanna,7,7,3
2025-10-11,8,Jump,BLACKPINK,8,2,12
2025-10-11,9,Abracadabra,Lady Gaga,9,1,35
2025-10-11,10,Ceremony,Stray Kids,12,4,6
2025-10-11,11,Illegal,PinkPantheress,14,5,21
2025-10-11,12,Miss Possessive,Tate McRae,15,3,22
2025-10-11,13,As Alive As You Need Me To Be,Nine Inch Nails,13,10,7
2025-10-11,14,Midnight Sun,Zara Larsson,-,14,1
2025-10-11,15,Fame Is A Gun,Addison Rae,-,3,17
2025-10-18,1,How It's Done,"HUNTR/X: EJAE, Audrey Nuna & REI AMI",1,1,16
2025-10-18,2,Takedown,"HUNTR/X: EJAE, Audrey Nuna & REI AMI",2,2,16
2025-10-18,3,Revolving Door,Tate McRae,4,1,33
2025-10-18,4,Jealous Type,Doja Cat,3,3,7
2025-10-18,5,The Dead Dance,Lady Gaga,5,3,6
2025-10-18,6,Just Keep Watching,Tate McRae,6,1,19
2025-10-18,7,Breakin' Dishes,Rihanna,7,7,4
2025-10-18,8,Abracadabra,Lady Gaga,9,1,36
2025-10-18,9,Jump,BLACKPINK,8,2,13
2025-10-18,10,Sympathy Is A Knife,Charli xcx Featuring Ariana Grande,-,6,8
2025-10-18,11,As Alive As You Need Me To Be,Nine Inch Nails,13,10,8
2025-10-18,12,Fame Is A Gun,Addison Rae,15,3,18
2025-10-18,13,Illegal,PinkPantheress,11,5,22
2025-10-18,14,Miss Possessive,Tate McRae,12,3,23
2025-10-18,15,Ceremony,Stray Kids,10,4,7
2025-10-25,1,How It's Done,"HUNTR/X: EJAE, Audrey Nuna & REI AMI",1,1,17
2025-10-25,2,Takedown,"HUNTR/X: EJAE, Audrey Nuna & REI AMI",2,2,17
2025-10-25,3,Revolving Door,Tate McRae,3,1,34
2025-10-25,4,Jealous Type,Doja Cat,4,3,8
2025-10-25,5,The Dead Dance,Lady Gaga,5,3,7
2025-10-25,6,Just Keep Watching,Tate McRae,6,1,20
2025-10-25,7,Breakin' Dishes,Rihanna,7,7,5
2025-10-25,8,Abracadabra,Lady Gaga,8,1,37
2025-10-25,9,Jump,BLACKPINK,9,2,14
2025-10-25,10,Stateside,PinkPantheress With Zara Larsson,-,10,3
2025-10-25,11,Illegal,PinkPantheress,13,5,23
2025-10-25,12,As Alive As You Need Me To Be,Nine Inch Nails,11,10,9
2025-10-25,13,Fame Is A Gun,Addison Rae,12,3,19
2025-10-25,14,Miss Possessive,Tate McRae,14,3,24
2025-10-25,15,Sympathy Is A Knife,Charli xcx Featuring Ariana Grande,10,6,9
2025-11-01,1,How It's Done,"HUNTR/X: EJAE, Audrey Nuna & REI AMI",1,1,18
2025-11-01,2,Takedown,"HUNTR/X: EJAE, Audrey Nuna & REI AMI",2,2,18
2025-11-01,3,Revolving Door,Tate McRae,3,1,35
2025-11-01,4,Jealous Type,Doja Cat,4,3,9
2025-11-01,5,The Dead Dance,Lady Gaga,5,3,8
2025-11-01,6,Just Keep Watching,Tate McRae,6,1,21
2025-11-01,7,Breakin' Dishes,Rihanna,7,7,6
2025-11-01,8,Abracadabra,Lady Gaga,8,1,38
2025-11-01,9,Jump,BLACKPINK,9,2,15
2025-11-01,10,Stateside,PinkPantheress With Zara Larsson,10,10,4
2025-11-01,11,As Alive As You Need Me To Be,Nine Inch Nails,12,10,10
2025-11-01,12,Fame Is A Gun,Addison Rae,13,3,20
2025-11-01,13,Illegal,PinkPantheress,11,5,24
2025-11-01,14,Miss Possessive,Tate McRae,14,3,25
2025-11-01,15,Crush,Zara Larsson,-,15,1
2025-11-08,1,How It's Done,"HUNTR/X: EJAE, Audrey Nuna & REI AMI",1,1,19
2025-11-08,2,Takedown,"HUNTR/X: EJAE, Audrey Nuna & REI AMI",2,2,19
2025-11-08,3,Revolving Door,Tate McRae,3,1,36
2025-11-08,4,Jealous Type,Doja Cat,4,3,10
2025-11-08,5,The Dead Dance,Lady Gaga,5,3,9
2025-11-08,6,Just Keep Watching,Tate McRae,6,1,22
2025-11-08,7,Breakin' Dishes,Rihanna,7,7,7
2025-11-08,8,Abracadabra,Lady Gaga,8,1,39
2025-11-08,9,Jump,BLACKPINK,9,2,16
2025-11-08,10,Let You Go,Demi Lovato,-,10,1
2025-11-08,11,Stateside,PinkPantheress With Zara Larsson,10,10,5
2025-11-08,12,As Alive As You Need Me To Be,Nine Inch Nails,11,10,11
2025-11-08,13,Fame Is A Gun,Addison Rae,12,3,21
2025-11-08,14,Illegal,PinkPantheress,13,5,25
2025-11-08,15,Crush,Zara Larsson,15,15,2
2025-11-15,1,How It's Done,"HUNTR/X: EJAE, Audrey Nuna & REI AMI",1,1,20
2025-11-15,2,Takedown,"HUNTR/X: EJAE, Audrey Nuna & REI AMI",2,2,20
2025-11-15,3,The Dead Dance,Lady Gaga,5,3,10
2025-11-15,4,Jealous Type,Doja Cat,4,3,11
2025-11-15,5,Revolving Door,Tate McRae,3,1,37
2025-11-15,6,"Spooky, Scary Skeletons (Undead Tombstone Remixes)",Andrew Gold,-,6,1
2025-11-15,7,Just Keep Watching,Tate McRae,6,1,23
2025-11-15,8,Breakin' Dishes,Rihanna,7,7,8
2025-11-15,9,Abracadabra,Lady Gaga,8,1,40
2025-11-15,10,Jump,BLACKPINK,9,2,17
2025-11-15,11,Crush,Zara Larsson,15,11,3
2025-11-15,12,Fame Is A Gun,Addison Rae,13,3,22
2025-11-15,13,Stateside,PinkPantheress With Zara Larsson,11,10,6
2025-11-15,14,As Alive As You Need Me To Be,Nine Inch Nails,12,10,12
2025-11-15,15,Let You Go,Demi Lovato,10,10,2
2025-11-22,1,How It's Done,"HUNTR/X: EJAE, Audrey Nuna & REI AMI",1,1,21
2025-11-22,2,Takedown,"HUNTR/X: EJAE, Audrey Nuna & REI AMI",2,2,21
2025-11-22,3,Jealous Type,Doja Cat,4,3,12
2025-11-22,4,Revolving Door,Tate McRae,5,1,38
2025-11-22,5,The Dead Dance,Lady Gaga,3,3,11
2025-11-22,6,Just Keep Watching,Tate McRae,7,1,24
2025-11-22,7,Breakin' Dishes,Rihanna,8,7,9
2025-11-22,8,Abracadabra,Lady Gaga,9,1,41
2025-11-22,9,Jump,BLACKPINK,10,2,18
2025-11-22,10,Fame Is A Gun,Addison Rae,12,3,23
2025-11-22,11,Crush,Zara Larsson,11,11,4
2025-11-22,12,Stateside,PinkPantheress With Zara Larsson,13,10,7
2025-11-22,13,As Alive As You Need Me To Be,Nine Inch Nails,14,10,13
2025-11-22,14,Midnight Sun,Zara Larsson,-,14,2
2025-11-22,15,1-800,bbno$ & Ironmouse,-,11,12
2025-11-29,1,How It's Done,"HUNTR/X: EJAE, Audrey Nuna & REI AMI",1,1,22
2025-11-29,2,Takedown,"HUNTR/X: EJAE, Audrey Nuna & REI AMI",2,2,22
2025-11-29,3,Jealous Type,Doja Cat,3,3,13
2025-11-29,4,Revolving Door,Tate McRae,4,1,39
2025-11-29,5,The Dead Dance,Lady Gaga,5,3,12
2025-11-29,6,Just Keep Watching,Tate McRae,6,1,25
2025-11-29,7,Breakin' Dishes,Rihanna,7,7,10
2025-11-29,8,Abracadabra,Lady Gaga,8,1,42
2025-11-29,9,Fame Is A Gun,Addison Rae,10,3,24
2025-11-29,10,Jump,BLACKPINK,9,2,19
2025-11-29,11,Midnight Sun,Zara Larsson,14,11,3
2025-11-29,12,Crush,Zara Larsson,11,11,5
2025-11-29,13,Stateside,PinkPantheress With Zara Larsson,12,10,8
2025-11-29,14,Dopamine,Robyn,-,14,1
2025-11-29,15,1-800,bbno$ & Ironmouse,15,11,13
2025-12-06,1,How It's Done,"HUNTR/X: EJAE, Audrey Nuna & REI AMI",1,1,23
2025-12-06,2,Revolving Door,Tate McRae,4,1,40
2025-12-06,3,Takedown,"HUNTR/X: EJAE, Audrey Nuna & REI AMI",2,2,23
2025-12-06,4,Jealous Type,Doja Cat,3,3,14
2025-12-06,5,The Dead Dance,Lady Gaga,5,3,13
2025-12-06,6,Just Keep Watching,Tate McRae,6,1,26
2025-12-06,7,Breakin' Dishes,Rihanna,7,7,11
2025-12-06,8,Abracadabra,Lady Gaga,8,1,43
2025-12-06,9,bloodonmyhands,Tate McRae Featuring Flo Milli,-,5,21
2025-12-06,10,Jump,BLACKPINK,10,2,20
2025-12-06,11,Fame Is A Gun,Addison Rae,9,3,25
2025-12-06,12,Crush,Zara Larsson,12,11,6
2025-12-06,13,Midnight Sun,Zara Larsson,11,11,4
2025-12-06,14,Stateside,PinkPantheress With Zara Larsson,13,10,9
2025-12-06,15,No I'm Not In Love,Tate McRae,-,7,3
2025-12-13,1,How It's Done,"HUNTR/X: EJAE, Audrey Nuna & REI AMI",1,1,24
2025-12-13,2,Revolving Door,Tate McRae,2,1,41
2025-12-13,3,Takedown,"HUNTR/X: EJAE, Audrey Nuna & REI AMI",3,2,24
2025-12-13,4,The Dead Dance,Lady Gaga,5,3,14
2025-12-13,5,Jealous Type,Doja Cat,4,3,15
2025-12-13,6,Just Keep Watching,Tate McRae,6,1,27
2025-12-13,7,Breakin' Dishes,Rihanna,7,7,12
2025-12-13,8,Abracadabra,Lady Gaga,8,1,44
2025-12-13,9,Fame Is A Gun,Addison Rae,11,3,26
2025-12-13,10,Jump,BLACKPINK,10,2,21
2025-12-13,11,Crush,Zara Larsson,12,11,7
2025-12-13,12,Stateside,PinkPantheress With Zara Larsson,14,10,10
2025-12-13,13,bloodonmyhands,Tate McRae Featuring Flo Milli,9,5,22
2025-12-13,14,Midnight Sun,Zara Larsson,13,11,5
2025-12-13,15,Ceremony,Stray Kids,-,4,8
2025-12-20,1,How It's Done,"HUNTR/X: EJAE, Audrey Nuna & REI AMI",1,1,25
2025-12-20,2,Revolving Door,Tate McRae,2,1,42
2025-12-20,3,Takedown,"HUNTR/X: EJAE, Audrey Nuna & REI AMI",3,2,25
2025-12-20,4,The Dead Dance,Lady Gaga,4,3,15
2025-12-20,5,Just Keep Watching,Tate McRae,6,1,28
2025-12-20,6,Breakin' Dishes,Rihanna,7,6,13
2025-12-20,7,Abracadabra,Lady Gaga,8,1,45
2025-12-20,8,Fame Is A Gun,Addison Rae,9,3,27
2025-12-20,9,Jealous Type,Doja Cat,5,3,16
2025-12-20,10,Stateside,PinkPantheress With Zara Larsson,12,10,11
2025-12-20,11,Jump,BLACKPINK,10,2,22
2025-12-20,12,Crush,Zara Larsson,11,11,8
2025-12-20,13,Midnight Sun,Zara Larsson,14,11,6
2025-12-20,14,bloodonmyhands,Tate McRae Featuring Flo Milli,13,5,23
2025-12-20,15,1-800,bbno$ & Ironmouse,-,11,14
2025-12-27,1,How It's Done,"HUNTR/X: EJAE, Audrey Nuna & REI AMI",1,1,26
2025-12-27,2,Takedown,"HUNTR/X: EJAE, Audrey Nuna & REI AMI",3,2,26
2025-12-27,3,Revolving Door,Tate McRae,2,1,43
2025-12-27,4,The Dead Dance,Lady Gaga,4,3,16
2025-12-27,5,Just Keep Watching,Tate McRae,5,1,29
2025-12-27,6,Breakin' Dishes,Rihanna,6,6,14
2025-12-27,7,Fame Is A Gun,Addison Rae,8,3,28
2025-12-27,8,Abracadabra,Lady Gaga,7,1,46
2025-12-27,9,Stateside,PinkPantheress With Zara Larsson,10,9,12
2025-12-27,10,Jealous Type,Doja Cat,9,3,17
2025-12-27,11,Midnight Sun,Zara Larsson,13,11,7
2025-12-27,12,Jump,BLACKPINK,11,2,23
2025-12-27,13,Crush,Zara Larsson,12,11,9
2025-12-27,14,1-800,bbno$ & Ironmouse,15,11,15
2025-12-27,15,bloodonmyhands,Tate McRae Featuring Flo Milli,14,5,24
2026-01-03,1,How It's Done,"HUNTR/X: EJAE, Audrey Nuna & REI AMI",1,1,27
2026-01-03,2,Takedown,"HUNTR/X: EJAE, Audrey Nuna & REI AMI",2,2,27
2026-01-03,3,Revolving Door,Tate McRae,3,1,44
2026-01-03,4,The Dead Dance,Lady Gaga,4,3,17
2026-01-03,5,Fame Is A Gun,Addison Rae,7,3,29
2026-01-03,6,Breakin' Dishes,Rihanna,6,6,15
2026-01-03,7,Just Keep Watching,Tate McRae,5,1,30
2026-01-03,8,Stateside,PinkPantheress With Zara Larsson,9,8,13
2026-01-03,9,Abracadabra,Lady Gaga,8,1,47
2026-01-03,10,Midnight Sun,Zara Larsson,11,10,8
2026-01-03,11,Jealous Type,Doja Cat,10,3,18
2026-01-03,12,Jump,BLACKPINK,12,2,24
2026-01-03,13,Crush,Zara Larsson,13,11,10
2026-01-03,14,1-800,bbno$ & Ironmouse,14,11,16
2026-01-03,15,bloodonmyhands,Tate McRae Featuring Flo Milli,15,5,25
2026-01-10,1,How It's Done,"HUNTR/X: EJAE, Audrey Nuna & REI AMI",1,1,28
2026-01-10,2,Takedown,"HUNTR/X: EJAE, Audrey Nuna & REI AMI",2,2,28
2026-01-10,3,Revolving Door,Tate McRae,3,1,45
2026-01-10,4,Abracadabra,Lady Gaga,9,1,48
2026-01-10,5,Fame Is A Gun,Addison Rae,5,3,30
2026-01-10,6,Just Keep Watching,Tate McRae,7,1,31
2026-01-10,7,Breakin' Dishes,Rihanna,6,6,16
2026-01-10,8,The Dead Dance,Lady Gaga,4,3,18
2026-01-10,9,Stateside,PinkPantheress With Zara Larsson,8,8,14
2026-01-10,10,Midnight Sun,Zara Larsson,10,10,9
2026-01-10,11,Jealous Type,Doja Cat,11,3,19
2026-01-10,12,Jump,BLACKPINK,12,2,25
2026-01-10,13,Crush,Zara Larsson,13,11,11
2026-01-10,14,1-800,bbno$ & Ironmouse,14,11,17
2026-01-10,15,bloodonmyhands,Tate McRae Featuring Flo Milli,15,5,26
2026-01-17,1,How It's Done,"HUNTR/X: EJAE, Audrey Nuna & REI AMI",1,1,29
2026-01-17,2,Takedown,"HUNTR/X: EJAE, Audrey Nuna & REI AMI",2,2,29
2026-01-17,3,Revolving Door,Tate McRae,3,1,46
2026-01-17,4,Just Keep Watching,Tate McRae,6,1,32
2026-01-17,5,Fame Is A Gun,Addison Rae,5,3,31
2026-01-17,6,Stateside,PinkPantheress With Zara Larsson,9,6,15
2026-01-17,7,Breakin' Dishes,Rihanna,7,6,17
2026-01-17,8,Upside Down,Diana Ross,-,8,1
2026-01-17,9,Abracadabra,Lady Gaga,4,1,49
2026-01-17,10,Midnight Sun,Zara Larsson,10,10,10
2026-01-17,11,The Dead Dance,Lady Gaga,8,3,19
2026-01-17,12,Jealous Type,Doja Cat,11,3,20
2026-01-17,13,Jump,BLACKPINK,12,2,26
2026-01-17,14,1-800,bbno$ & Ironmouse,14,11,18
2026-01-17,15,Alter Ego,Doechii & JT,-,7,9
2026-01-24,1,How It's Done,"HUNTR/X: EJAE, Audrey Nuna & REI AMI",1,1,30
2026-01-24,2,Stateside,PinkPantheress With Zara Larsson,6,2,16
2026-01-24,3,Takedown,"HUNTR/X: EJAE, Audrey Nuna & REI AMI",2,2,30
2026-01-24,4,Revolving Door,Tate McRae,3,1,47
2026-01-24,5,Just Keep Watching,Tate McRae,4,1,33
2026-01-24,6,Fame Is A Gun,Addison Rae,5,3,32
2026-01-24,7,Midnight Sun,Zara Larsson,10,7,11
2026-01-24,8,Breakin' Dishes,Rihanna,7,6,18
2026-01-24,9,Abracadabra,Lady Gaga,9,1,50
2026-01-24,10,Upside Down,Diana Ross,8,8,2
2026-01-24,11,Jealous Type,Doja Cat,12,3,21
2026-01-24,12,The Dead Dance,Lady Gaga,11,3,20
2026-01-24,13,Talk To Me,Robyn,-,13,1
2026-01-24,14,1-800,bbno$ & Ironmouse,14,11,19
2026-01-24,15,Alter Ego,Doechii & JT,15,7,10
2026-01-31,1,Stateside,PinkPantheress With Zara Larsson,2,1,17
2026-01-31,2,How It's Done,"HUNTR/X: EJAE, Audrey Nuna & REI AMI",1,1,31
2026-01-31,3,Midnight Sun,Zara Larsson,7,3,12
2026-01-31,4,Takedown,"HUNTR/X: EJAE, Audrey Nuna & REI AMI",3,2,31
2026-01-31,5,Revolving Door,Tate McRae,4,1,48
2026-01-31,6,Fame Is A Gun,Addison Rae,6,3,33
2026-01-31,7,Just Keep Watching,Tate McRae,5,1,34
2026-01-31,8,Breakin' Dishes,Rihanna,8,6,19
2026-01-31,9,Abracadabra,Lady Gaga,9,1,51
2026-01-31,10,Upside Down,Diana Ross,10,8,3
2026-01-31,11,Jealous Type,Doja Cat,11,3,22
2026-01-31,12,Yes Baby,Madison Beer,-,11,2
2026-01-31,13,The Dead Dance,Lady Gaga,12,3,21
2026-01-31,14,Alter Ego,Doechii & JT,15,7,11
2026-01-31,15,Dance...,Slayyyter,-,15,1
2026-02-07,1,Aperture,Harry Styles,-,1,1
2026-02-07,2,Stateside,PinkPantheress With Zara Larsson,1,1,18
2026-02-07,3,How It's Done,"HUNTR/X: EJAE, Audrey Nuna & REI AMI",2,1,32
2026-02-07,4,Midnight Sun,Zara Larsson,3,3,13
2026-02-07,5,Fame Is A Gun,Addison Rae,6,3,34
2026-02-07,6,Takedown,"HUNTR/X: EJAE, Audrey Nuna & REI AMI",4,2,32
2026-02-07,7,Revolving Door,Tate McRae,5,1,49
2026-02-07,8,Just Keep Watching,Tate McRae,7,1,35
2026-02-07,9,Breakin' Dishes,Rihanna,8,6,20
2026-02-07,10,Abracadabra,Lady Gaga,9,1,52
2026-02-07,11,Upside Down,Diana Ross,10,8,4
2026-02-07,12,Jealous Type,Doja Cat,11,3,23
2026-02-07,13,Hypnotize,XG,-,13,1
2026-02-07,14,The Dead Dance,Lady Gaga,13,3,22
2026-02-07,15,Alter Ego,Doechii & JT,14,7,12
2026-02-14,1,Aperture,Harry Styles,1,1,2
2026-02-14,2,Stateside,PinkPantheress With Zara Larsson,2,1,19
2026-02-14,3,Fame Is A Gun,Addison Rae,5,3,35
2026-02-14,4,Midnight Sun,Zara Larsson,4,3,14
2026-02-14,5,How It's Done,"HUNTR/X: EJAE, Audrey Nuna & REI AMI",3,1,33
2026-02-14,6,Revolving Door,Tate McRae,7,1,50
2026-02-14,7,Just Keep Watching,Tate McRae,8,1,36
2026-02-14,8,Takedown,"HUNTR/X: EJAE, Audrey Nuna & REI AMI",6,2,33
2026-02-14,9,Breakin' Dishes,Rihanna,9,6,21
2026-02-14,10,Upside Down,Diana Ross,11,8,5
2026-02-14,11,Jealous Type,Doja Cat,12,3,24
2026-02-14,12,Alter Ego,Doechii & JT,15,7,13
2026-02-14,13,Hypnotize,XG,13,13,2
2026-02-14,14,The Dead Dance,Lady Gaga,14,3,23
2026-02-14,15,1-800,bbno$ & Ironmouse,-,11,20
2026-02-21,1,Aperture,Harry Styles,1,1,3
2026-02-21,2,Stateside,PinkPantheress With Zara Larsson,2,1,20
2026-02-21,3,Midnight Sun,Zara Larsson,4,3,15
2026-02-21,4,Fame Is A Gun,Addison Rae,3,3,36
2026-02-21,5,How It's Done,"HUNTR/X: EJAE, Audrey Nuna & REI AMI",5,1,34
2026-02-21,6,Revolving Door,Tate McRae,6,1,51
2026-02-21,7,Just Keep Watching,Tate McRae,7,1,37
2026-02-21,8,Takedown,"HUNTR/X: EJAE, Audrey Nuna & REI AMI",8,2,34
2026-02-21,9,Breakin' Dishes,Rihanna,9,6,22
2026-02-21,10,Adrenaline,ATEEZ,-,10,1
2026-02-21,11,Jealous Type,Doja Cat,11,3,25
2026-02-21,12,Alter Ego,Doechii & JT,12,7,14
2026-02-21,13,Upside Down,Diana Ross,10,8,6
2026-02-21,14,Hypnotize,XG,13,13,3
2026-02-21,15,The Dead Dance,Lady Gaga,14,3,24
2026-02-28,1,Aperture,Harry Styles,1,1,4
2026-02-28,2,Stateside,PinkPantheress With Zara Larsson,2,1,21
2026-02-28,3,Midnight Sun,Zara Larsson,3,3,16
2026-02-28,4,How It's Done,"HUNTR/X: EJAE, Audrey Nuna & REI AMI",5,1,35
2026-02-28,5,Fame Is A Gun,Addison Rae,4,3,37
2026-02-28,6,Just Keep Watching,Tate McRae,7,1,38
2026-02-28,7,Takedown,"HUNTR/X: EJAE, Audrey Nuna & REI AMI",8,2,35
2026-02-28,8,Revolving Door,Tate McRae,6,1,52
2026-02-28,9,Dying For You,Charli xcx,-,9,1
2026-02-28,10,Breakin' Dishes,Rihanna,9,6,23
2026-02-28,11,Adrenaline,ATEEZ,10,10,2
2026-02-28,12,Jealous Type,Doja Cat,11,3,26
2026-02-28,13,Alter Ego,Doechii & JT,12,7,15
2026-02-28,14,Upside Down,Diana Ross,13,8,7
2026-02-28,15,Two Hearts,Danny L Harle & Dua Lipa,-,15,1
2026-03-07,1,Stateside,PinkPantheress With Zara Larsson,2,1,22
2026-03-07,2,Aperture,Harry Styles,1,1,5
2026-03-07,3,Lush Life,Zara Larsson,-,3,1
2026-03-07,4,Midnight Sun,Zara Larsson,3,3,17
2026-03-07,5,How It's Done,"HUNTR/X: EJAE, Audrey Nuna & REI AMI",4,1,36
2026-03-07,6,Fame Is A Gun,Addison Rae,5,3,38
2026-03-07,7,Just Keep Watching,Tate McRae,6,1,39
2026-03-07,8,Takedown,"HUNTR/X: EJAE, Audrey Nuna & REI AMI",7,2,36
2026-03-07,9,Breakin' Dishes,Rihanna,10,6,24
2026-03-07,10,Dying For You,Charli xcx,9,9,2
2026-03-07,11,Alter Ego,Doechii & JT,13,7,16
2026-03-07,12,Adrenaline,ATEEZ,11,10,3
2026-03-07,13,Upside Down,Diana Ross,14,8,8
2026-03-07,14,Hypnotize,XG,-,13,4
2026-03-07,15,Girl Like Me,PinkPantheress,-,15,1
2026-03-14,1,Stateside,PinkPantheress With Zara Larsson,1,1,23
2026-03-14,2,Aperture,Harry Styles,2,1,6
2026-03-14,3,Lush Life,Zara Larsson,3,3,2
2026-03-14,4,Midnight Sun,Zara Larsson,4,3,18
2026-03-14,5,How It's Done,"HUNTR/X: EJAE, Audrey Nuna & REI AMI",5,1,37
2026-03-14,6,Fame Is A Gun,Addison Rae,6,3,39
2026-03-14,7,Just Keep Watching,Tate McRae,7,1,40
2026-03-14,8,Breakin' Dishes,Rihanna,9,6,25
2026-03-14,9,Takedown,"HUNTR/X: EJAE, Audrey Nuna & REI AMI",8,2,37
2026-03-14,10,Dying For You,Charli xcx,10,9,3
2026-03-14,11,Adrenaline,ATEEZ,12,10,4
2026-03-14,12,Tonight,PinkPantheress,-,5,7
2026-03-14,13,Alter Ego,Doechii & JT,11,7,17
2026-03-14,14,Girl Like Me,PinkPantheress,15,14,2
2026-03-14,15,1-800,bbno$ & Ironmouse,-,11,21
2026-03-21,1,Stateside,PinkPantheress With Zara Larsson,1,1,24
2026-03-21,2,Aperture,Harry Styles,2,1,7
2026-03-21,3,Are You Listening Yet?,Harry Styles,-,3,1
2026-03-21,4,Midnight Sun,Zara Larsson,4,3,19
2026-03-21,5,Lush Life,Zara Larsson,3,3,3
2026-03-21,6,How It's Done,"HUNTR/X: EJAE, Audrey Nuna & REI AMI",5,1,38
2026-03-21,7,Fame Is A Gun,Addison Rae,6,3,40
2026-03-21,8,Just Keep Watching,Tate McRae,7,1,41
2026-03-21,9,Breakin' Dishes,Rihanna,8,6,26
2026-03-21,10,Takedown,"HUNTR/X: EJAE, Audrey Nuna & REI AMI",9,2,38
2026-03-21,11,New Religion,Bebe Rexha & Faithless,-,11,1
2026-03-21,12,Dying For You,Charli xcx,10,9,4
2026-03-21,13,Alter Ego,Doechii & JT,13,7,18
2026-03-21,14,Girl Like Me,PinkPantheress,14,14,3
2026-03-21,15,Tonight,PinkPantheress,12,5,8
2026-03-28,1,Stateside,PinkPantheress With Zara Larsson,1,1,25
2026-03-28,2,Aperture,Harry Styles,2,1,8
2026-03-28,3,Lush Life,Zara Larsson,5,3,4
2026-03-28,4,Midnight Sun,Zara Larsson,4,3,20
2026-03-28,5,Are You Listening Yet?,Harry Styles,3,3,2
2026-03-28,6,How It's Done,"HUNTR/X: EJAE, Audrey Nuna & REI AMI",6,1,39
2026-03-28,7,Fame Is A Gun,Addison Rae,7,3,41
2026-03-28,8,Just Keep Watching,Tate McRae,8,1,42
2026-03-28,9,Breakin' Dishes,Rihanna,9,6,27
2026-03-28,10,Takedown,"HUNTR/X: EJAE, Audrey Nuna & REI AMI",10,2,39
2026-03-28,11,New Religion,Bebe Rexha & Faithless,11,11,2
2026-03-28,12,Dying For You,Charli xcx,12,9,5
2026-03-28,13,Alter Ego,Doechii & JT,13,7,19
2026-03-28,14,Girl Like Me,PinkPantheress,14,14,4
2026-03-28,15,Tonight,PinkPantheress,15,5,9
2026-04-04,1,Stateside,PinkPantheress With Zara Larsson,1,1,26
2026-04-04,2,Aperture,Harry Styles,2,1,9
2026-04-04,3,Lush Life,Zara Larsson,3,3,5
2026-04-04,4,Midnight Sun,Zara Larsson,4,3,21
2026-04-04,5,How It's Done,"HUNTR/X: EJAE, Audrey Nuna & REI AMI",6,1,40
2026-04-04,6,Just Keep Watching,Tate McRae,8,1,43
2026-04-04,7,Fame Is A Gun,Addison Rae,7,3,42
2026-04-04,8,Are You Listening Yet?,Harry Styles,5,3,3
2026-04-04,9,Breakin' Dishes,Rihanna,9,6,28
2026-04-04,10,Takedown,"HUNTR/X: EJAE, Audrey Nuna & REI AMI",10,2,40
2026-04-04,11,New Religion,Bebe Rexha & Faithless,11,11,3
2026-04-04,12,Dying For You,Charli xcx,12,9,6
2026-04-04,13,Alter Ego,Doechii & JT,13,7,20
2026-04-04,14,Girl Like Me,PinkPantheress,14,14,5
2026-04-04,15,Tonight,PinkPantheress,15,5,10
2026-04-11,1,Stateside,PinkPantheress With Zara Larsson,1,1,27
2026-04-11,2,Lush Life,Zara Larsson,3,2,6
2026-04-11,3,Midnight Sun,Zara Larsson,4,3,22
2026-04-11,4,Aperture,Harry Styles,2,1,10
2026-04-11,5,How It's Done,"HUNTR/X: EJAE, Audrey Nuna & REI AMI",5,1,41
2026-04-11,6,Just Keep Watching,Tate McRae,6,1,44
2026-04-11,7,Fame Is A Gun,Addison Rae,7,3,43
2026-04-11,8,Takedown,"HUNTR/X: EJAE, Audrey Nuna & REI AMI",10,2,41
2026-04-11,9,Breakin' Dishes,Rihanna,9,6,29
2026-04-11,10,Are You Listening Yet?,Harry Styles,8,3,4
2026-04-11,11,New Religion,Bebe Rexha & Faithless,11,11,4
2026-04-11,12,Alter Ego,Doechii & JT,13,7,21
2026-04-11,13,Yes Goddd,Slayyyter,-,13,1
2026-04-11,14,Crank,Slayyyter,-,14,1
2026-04-11,15,Dance...,Slayyyter,-,15,2
2026-04-18,1,Stateside,PinkPantheress With Zara Larsson,1,1,28
2026-04-18,2,Lush Life,Zara Larsson,2,2,7
2026-04-18,3,Midnight Sun,Zara Larsson,3,3,23
2026-04-18,4,Aperture,Harry Styles,4,1,11
2026-04-18,5,How It's Done,"HUNTR/X: EJAE, Audrey Nuna & REI AMI",5,1,42
2026-04-18,6,Just Keep Watching,Tate McRae,6,1,45
2026-04-18,7,Fame Is A Gun,Addison Rae,7,3,44
2026-04-18,8,Takedown,"HUNTR/X: EJAE, Audrey Nuna & REI AMI",8,2,42
2026-04-18,9,Breakin' Dishes,Rihanna,9,6,30
2026-04-18,10,Are You Listening Yet?,Harry Styles,10,3,5
2026-04-18,11,New Religion,Bebe Rexha & Faithless,11,11,5
2026-04-18,12,Alter Ego,Doechii & JT,12,7,22
2026-04-18,13,Pinky Up,KATSEYE,-,13,1
2026-04-18,14,Dying For You,Charli xcx,-,9,7
2026-04-18,15,Girl Like Me,PinkPantheress,-,14,6
2026-04-25,1,Stateside,PinkPantheress With Zara Larsson,1,1,29
2026-04-25,2,Pinky Up,KATSEYE,13,2,2
2026-04-25,3,Lush Life,Zara Larsson,2,2,8
2026-04-25,4,Midnight Sun,Zara Larsson,3,3,24
2026-04-25,5,Runway,Lady Gaga & Doechii,-,5,1
2026-04-25,6,Aperture,Harry Styles,4,1,12
2026-04-25,7,How It's Done,"HUNTR/X: EJAE, Audrey Nuna & REI AMI",5,1,43
2026-04-25,8,Just Keep Watching,Tate McRae,6,1,46
2026-04-25,9,Fame Is A Gun,Addison Rae,7,3,45
2026-04-25,10,Breakin' Dishes,Rihanna,9,6,31
2026-04-25,11,Are You Listening Yet?,Harry Styles,10,3,6
2026-04-25,12,Crank,Slayyyter,-,12,2
2026-04-25,13,New Religion,Bebe Rexha & Faithless,11,11,6
2026-04-25,14,Alter Ego,Doechii & JT,12,7,23
2026-04-25,15,Girl Like Me,PinkPantheress,15,14,7
2026-05-02,1,Stateside,PinkPantheress With Zara Larsson,1,1,30
2026-05-02,2,Midnight Sun,Zara Larsson,4,2,25
2026-05-02,3,Lush Life,Zara Larsson,3,2,9
2026-05-02,4,Pinky Up,KATSEYE,2,2,3
2026-05-02,5,Runway,Lady Gaga & Doechii,5,5,2
2026-05-02,6,How It's Done,"HUNTR/X: EJAE, Audrey Nuna & REI AMI",7,1,44
2026-05-02,7,Just Keep Watching,Tate McRae,8,1,47
2026-05-02,8,Fame Is A Gun,Addison Rae,9,3,46
2026-05-02,9,Aperture,Harry Styles,6,1,13
2026-05-02,10,Breakin' Dishes,Rihanna,10,6,32
2026-05-02,11,KGB,ADELA,-,11,1
2026-05-02,12,I Feel So Free,Madonna,-,12,1
2026-05-02,13,Girl Like Me,PinkPantheress,15,13,8
2026-05-02,14,New Religion,Bebe Rexha & Faithless,13,11,7
2026-05-02,15,Crank,Slayyyter,12,12,3
2026-05-09,1,Stateside,PinkPantheress With Zara Larsson,1,1,31
2026-05-09,2,Midnight Sun,Zara Larsson,2,2,26
2026-05-09,3,Lush Life,Zara Larsson,3,2,10
2026-05-09,4,Don't Stop 'Til You Get Enough,Michael Jackson,-,4,1
2026-05-09,5,Pinky Up,KATSEYE,4,2,4
2026-05-09,6,P.Y.T. (Pretty Young Thing),Michael Jackson,-,6,1
2026-05-09,7,Wanna Be Startin' Somethin',Michael Jackson,-,7,1
2026-05-09,8,Runway,Lady Gaga & Doechii,5,5,3
2026-05-09,9,How It's Done,"HUNTR/X: EJAE, Audrey Nuna & REI AMI",6,1,45
2026-05-09,10,Just Keep Watching,Tate McRae,7,1,48
2026-05-09,11,Aperture,Harry Styles,9,1,14
2026-05-09,12,Celebration,Le Sserafim,-,12,1
2026-05-09,13,Girl Like Me,PinkPantheress,13,13,9
2026-05-09,14,New Religion,Bebe Rexha & Faithless,14,11,8
2026-05-09,15,Bang Bang Bang,BBpanzu,-,15,1
2026-05-16,1,Stateside,PinkPantheress With Zara Larsson,1,1,32
2026-05-16,2,Midnight Sun,Zara Larsson,2,2,27
2026-05-16,3,Don't Stop 'Til You Get Enough,Michael Jackson,4,3,2
2026-05-16,4,Lush Life,Zara Larsson,3,2,11
2026-05-16,5,P.Y.T. (Pretty Young Thing),Michael Jackson,6,5,2
2026-05-16,6,Pinky Up,KATSEYE,5,2,5
2026-05-16,7,Bring Your Love,Madonna & Sabrina Carpenter,-,7,1
2026-05-16,8,Wanna Be Startin' Somethin',Michael Jackson,7,7,2
2026-05-16,9,Runway,Lady Gaga & Doechii,8,5,4
2026-05-16,10,How It's Done,"HUNTR/X: EJAE, Audrey Nuna & REI AMI",9,1,46
2026-05-16,11,Eurosummer,Zara Larsson & Shakira,-,11,1
2026-05-16,12,REDRED,CORTIS,-,12,1
2026-05-16,13,Aperture,Harry Styles,11,1,15
2026-05-16,14,Pretty Ugly,"Zara Larsson , JT & Margo XS",-,14,1
2026-05-16,15,Blue Moon,Zara Larsson,-,15,1
2026-05-23,1,Stateside,PinkPantheress With Zara Larsson,1,1,33
2026-05-23,2,Midnight Sun,Zara Larsson,2,2,28
2026-05-23,3,Don't Stop 'Til You Get Enough,Michael Jackson,3,3,3
2026-05-23,4,Lush Life,Zara Larsson,4,2,12
2026-05-23,5,P.Y.T. (Pretty Young Thing),Michael Jackson,5,5,3
2026-05-23,6,Pinky Up,KATSEYE,6,2,6
2026-05-23,7,Wanna Be Startin' Somethin',Michael Jackson,8,7,3
2026-05-23,8,Runway,Lady Gaga & Doechii,9,5,5
2026-05-23,9,Bring Your Love,Madonna & Sabrina Carpenter,7,7,2
2026-05-23,10,How It's Done,"HUNTR/X: EJAE, Audrey Nuna & REI AMI",10,1,47
2026-05-23,11,REDRED,CORTIS,12,11,2
2026-05-23,12,Aperture,Harry Styles,13,1,16
2026-05-23,13,Girl Like Me,PinkPantheress,-,13,10
2026-05-23,14,Bang Bang Bang,BBpanzu,-,14,2
2026-05-23,15,It's Me,ILLIT,-,15,1
2026-05-30,1,Stateside,PinkPantheress With Zara Larsson,1,1,34
2026-05-30,2,Midnight Sun,Zara Larsson,2,2,29
2026-05-30,3,Cheetah Print,Drake & Sexyy Red,-,3,1
2026-05-30,4,Road Trips,Drake,-,4,1
2026-05-30,5,Don't Stop 'Til You Get Enough,Michael Jackson,3,3,4
2026-05-30,6,Lush Life,Zara Larsson,4,2,13
2026-05-30,7,P.Y.T. (Pretty Young Thing),Michael Jackson,5,5,4
2026-05-30,8,Pinky Up,KATSEYE,6,2,7
2026-05-30,9,Wanna Be Startin' Somethin',Michael Jackson,7,7,4
2026-05-30,10,Runway,Lady Gaga & Doechii,8,5,6
2026-05-30,11,Bring Your Love,Madonna & Sabrina Carpenter,9,7,3
2026-05-30,12,Aperture,Harry Styles,12,1,17
2026-05-30,13,REDRED,CORTIS,11,11,3
2026-05-30,14,Girl Like Me,PinkPantheress,13,13,11
2026-05-30,15,Dance...,Slayyyter,-,15,3
2026-06-06,1,Stateside,PinkPantheress With Zara Larsson,1,1,35
2026-06-06,2,Midnight Sun,Zara Larsson,2,2,30
2026-06-06,3,Don't Stop 'Til You Get Enough,Michael Jackson,5,3,5
2026-06-06,4,Lush Life,Zara Larsson,6,2,14
2026-06-06,5,P.Y.T. (Pretty Young Thing),Michael Jackson,7,5,5
2026-06-06,6,Road Trips,Drake,4,4,2
2026-06-06,7,Cheetah Print,Drake & Sexyy Red,3,3,2
2026-06-06,8,Pinky Up,KATSEYE,8,2,8
2026-06-06,9,Wanna Be Startin' Somethin',Michael Jackson,9,7,5
2026-06-06,10,On The Floor,Jennifer Lopez Featuring Pitbull,-,10,4
2026-06-06,11,Runway,Lady Gaga & Doechii,10,5,7
2026-06-06,12,Bring Your Love,Madonna & Sabrina Carpenter,11,7,4
2026-06-06,13,REDRED,CORTIS,13,11,4
2026-06-06,14,Dance...,Slayyyter,15,14,4
2026-06-06,15,Aperture,Harry Styles,12,1,18
2026-06-13,1,Stateside,PinkPantheress With Zara Larsson,1,1,36
2026-06-13,2,Midnight Sun,Zara Larsson,2,2,31
2026-06-13,3,Don't Stop 'Til You Get Enough,Michael Jackson,3,3,6
2026-06-13,4,Lush Life,Zara Larsson,4,2,15
2026-06-13,5,P.Y.T. (Pretty Young Thing),Michael Jackson,5,5,6
2026-06-13,6,Pinky Up,KATSEYE,8,2,9
2026-06-13,7,On The Floor,Jennifer Lopez Featuring Pitbull,10,7,5
2026-06-13,8,Road Trips,Drake,6,4,3
2026-06-13,9,Wanna Be Startin' Somethin',Michael Jackson,9,7,6
2026-06-13,10,Cheetah Print,Drake & Sexyy Red,7,3,3
2026-06-13,11,Lemonade,Aespa,-,11,1
2026-06-13,12,Runway,Lady Gaga & Doechii,11,5,8
2026-06-13,13,Dance...,Slayyyter,14,13,5
2026-06-13,14,REDRED,CORTIS,13,11,5
2026-06-13,15,Bring Your Love,Madonna & Sabrina Carpenter,12,7,5
2026-06-20,1,Stateside,PinkPantheress With Zara Larsson,1,1,37
2026-06-20,2,Midnight Sun,Zara Larsson,2,2,32
2026-06-20,3,Don't Stop 'Til You Get Enough,Michael Jackson,3,3,7
2026-06-20,4,Lush Life,Zara Larsson,4,2,16
2026-06-20,5,P.Y.T. (Pretty Young Thing),Michael Jackson,5,5,7
2026-06-20,6,Pinky Up,KATSEYE,6,2,10
2026-06-20,7,On The Floor,Jennifer Lopez Featuring Pitbull,7,7,6
2026-06-20,8,Wanna Be Startin' Somethin',Michael Jackson,9,7,7
2026-06-20,9,Dance...,Slayyyter,13,9,6
2026-06-20,10,Road Trips,Drake,8,4,4
2026-06-20,11,Cheetah Print,Drake & Sexyy Red,10,3,4
2026-06-20,12,REDRED,CORTIS,14,11,6
2026-06-20,13,Runway,Lady Gaga & Doechii,12,5,9
2026-06-20,14,Lemonade,Aespa,11,11,2
2026-06-20,15,Girl Like Me,PinkPantheress,-,13,12
2026-06-27,1,Stateside,PinkPantheress With Zara Larsson,1,1,38
2026-06-27,2,Midnight Sun,Zara Larsson,2,2,33
2026-06-27,3,Don't Stop 'Til You Get Enough,Michael Jackson,3,3,8
2026-06-27,4,Lush Life,Zara Larsson,4,2,17
2026-06-27,5,P.Y.T. (Pretty Young Thing),Michael Jackson,5,5,8
2026-06-27,6,Pinky Up,KATSEYE,6,2,11
2026-06-27,7,On The Floor,Jennifer Lopez Featuring Pitbull,7,7,7
2026-06-27,8,Wanna Be Startin' Somethin',Michael Jackson,8,7,8
2026-06-27,9,Dance...,Slayyyter,9,9,7
2026-06-27,10,Road Trips,Drake,10,4,5
2026-06-27,11,Cheetah Print,Drake & Sexyy Red,11,3,5
2026-06-27,12,REDRED,CORTIS,12,11,7
2026-06-27,13,Bring Your Love,Madonna & Sabrina Carpenter,-,7,6
2026-06-27,14,Girl Like Me,PinkPantheress,15,13,13
2026-06-27,15,Runway,Lady Gaga & Doechii,13,5,10
2026-07-04,1,Stateside,PinkPantheress With Zara Larsson,1,1,39
2026-07-04,2,Midnight Sun,Zara Larsson,2,2,34
2026-07-04,3,Lush Life,Zara Larsson,4,2,18
2026-07-04,4,Don't Stop 'Til You Get Enough,Michael Jackson,3,3,9
2026-07-04,5,P.Y.T. (Pretty Young Thing),Michael Jackson,5,5,9
2026-07-04,6,Pinky Up,KATSEYE,6,2,12
2026-07-04,7,On The Floor,Jennifer Lopez Featuring Pitbull,7,7,8
2026-07-04,8,Wanna Be Startin' Somethin',Michael Jackson,8,7,9
2026-07-04,9,Dance...,Slayyyter,9,9,8
2026-07-04,10,Road Trips,Drake,10,4,6
2026-07-04,11,REDRED,CORTIS,12,11,8
2026-07-04,12,Bring Your Love,Madonna & Sabrina Carpenter,13,7,7
2026-07-04,13,Cheetah Print,Drake & Sexyy Red,11,3,6
2026-07-04,14,Girl Like Me,PinkPantheress,14,13,14
2026-07-04,15,Runway,Lady Gaga & Doechii,15,5,11
2026-07-11,1,Stateside,PinkPantheress With Zara Larsson,1,1,40
2026-07-11,2,Midnight Sun,Zara Larsson,2,2,35
2026-07-11,3,Lush Life,Zara Larsson,3,2,19
2026-07-11,4,Don't Stop 'Til You Get Enough,Michael Jackson,4,3,10
2026-07-11,5,P.Y.T. (Pretty Young Thing),Michael Jackson,5,5,10
2026-07-11,6,misery.,pupsies,-,6,1
2026-07-11,7,Pinky Up,KATSEYE,6,2,13
2026-07-11,8,On The Floor,Jennifer Lopez Featuring Pitbull,7,7,9
2026-07-11,9,Dancing On My Own,Robyn,-,9,1
2026-07-11,10,Wanna Be Startin' Somethin',Michael Jackson,8,7,10
2026-07-11,11,Dance...,Slayyyter,9,9,9
2026-07-11,12,Road Trips,Drake,10,4,7
2026-07-11,13,REDRED,CORTIS,11,11,9
2026-07-11,14,Bring Your Love,Madonna & Sabrina Carpenter,12,7,8
2026-07-11,15,Girl Like Me,PinkPantheress,14,13,15
2026-07-18,1,Midnight Sun,Zara Larsson,2,1,36
2026-07-18,2,Stateside,PinkPantheress With Zara Larsson,1,1,41
2026-07-18,3,Lush Life,Zara Larsson,3,2,20
2026-07-18,4,Don't Stop 'Til You Get Enough,Michael Jackson,4,3,11
2026-07-18,5,misery.,pupsies,6,5,2
2026-07-18,6,P.Y.T. (Pretty Young Thing),Michael Jackson,5,5,11
2026-07-18,7,Bring Your Love,Madonna & Sabrina Carpenter,14,7,9
2026-07-18,8,On The Floor,Jennifer Lopez Featuring Pitbull,8,7,7
2026-07-18,9,Pinky Up,KATSEYE,7,2,14
2026-07-18,10,Danceteria,Madonna,-,10,1
2026-07-18,11,Dance...,Slayyyter,11,9,10
2026-07-18,12,REDRED,CORTIS,13,11,10
2026-07-18,13,Road Trips,Drake,12,4,8
2026-07-18,14,Girl Like Me,PinkPantheress,15,13,16
2026-07-18,15,I Feel So Free,Madonna,-,12,2
2026-07-25,1,Midnight Sun,Zara Larsson,1,1,37
2026-07-25,2,Stateside,PinkPantheress With Zara Larsson,2,1,42
2026-07-25,3,Lush Life,Zara Larsson,3,2,21
2026-07-25,4,misery.,pupsies,5,4,3
2026-07-25,5,Don't Stop 'Til You Get Enough,Michael Jackson,4,3,12
2026-07-25,6,P.Y.T. (Pretty Young Thing),Michael Jackson,6,5,12
2026-07-25,7,On The Floor,Jennifer Lopez Featuring Pitbull,8,7,8
2026-07-25,8,Pinky Up,KATSEYE,9,2,15
2026-07-25,9,Bring Your Love,Madonna & Sabrina Carpenter,7,7,10
2026-07-25,10,Dance...,Slayyyter,11,9,11
2026-07-25,11,REDRED,CORTIS,12,11,11
2026-07-25,12,Road Trips,Drake,13,4,9
2026-07-25,13,Girl Like Me,PinkPantheress,14,13,17
2026-07-25,14,It's Me,ILLIT,-,14,2
2026-07-25,15,Danceteria,Madonna,10,10,2
2026-08-01,1,Midnight Sun,Zara Larsson,1,1,38
2026-08-01,2,Stateside,PinkPantheress With Zara Larsson,2,1,43
2026-08-01,3,Lush Life,Zara Larsson,3,2,22
2026-08-01,4,misery.,pupsies,4,4,4
2026-08-01,5,Don't Stop 'Til You Get Enough,Michael Jackson,5,3,13
2026-08-01,6,P.Y.T. (Pretty Young Thing),Michael Jackson,6,5,13
2026-08-01,7,Pinky Up,KATSEYE,8,2,16
2026-08-01,8,Dance...,Slayyyter,10,8,12
2026-08-01,9,REDRED,CORTIS,11,9,12
2026-08-01,10,Girl Like Me,PinkPantheress,13,10,18
2026-08-01,11,Bring Your Love,Madonna & Sabrina Carpenter,9,7,11
2026-08-01,12,Road Trips,Drake,12,4,10
2026-08-01,13,It's Me,ILLIT,14,13,3
2026-08-01,14,Bang Bang Bang,BBpanzu,-,14,3
2026-08-01,15,Aperture,Harry Styles,-,1,19
2026-08-08,1,Midnight Sun,Zara Larsson,1,1,39
2026-08-08,2,Stateside,PinkPantheress With Zara Larsson,2,1,44
2026-08-08,3,Lush Life,Zara Larsson,3,2,23
2026-08-08,4,misery.,pupsies,4,4,5
2026-08-08,5,Don't Stop 'Til You Get Enough,Michael Jackson,5,3,14
2026-08-08,6,P.Y.T. (Pretty Young Thing),Michael Jackson,6,5,14
2026-08-08,7,Pinky Up,KATSEYE,7,2,17
2026-08-08,8,Dance...,Slayyyter,8,8,13
2026-08-08,9,REDRED,CORTIS,9,9,13
2026-08-08,10,Girl Like Me,PinkPantheress,10,10,19
2026-08-08,11,Road Trips,Drake,12,4,11
2026-08-08,12,It's Me,ILLIT,13,12,4
2026-08-08,13,Aperture,Harry Styles,15,1,20
2026-08-08,14,Bang Bang Bang,BBpanzu,14,14,4
2026-08-08,15,Bring Your Love,Madonna & Sabrina Carpenter,11,7,12
2026-08-15,1,Midnight Sun,Zara Larsson,1,1,40
2026-08-15,2,Stateside,PinkPantheress With Zara Larsson,2,1,45
2026-08-15,3,Lush Life,Zara Larsson,3,2,24
2026-08-15,4,misery.,pupsies,4,4,6
2026-08-15,5,Brand New Chanel$,Slayyyter,-,5,1
2026-08-15,6,Pinky Up,KATSEYE,7,2,18
2026-08-15,7,Dance...,Slayyyter,8,7,14
2026-08-15,8,REDRED,CORTIS,9,8,14
2026-08-15,9,Girl Like Me,PinkPantheress,10,9,20
2026-08-15,10,It's Me,ILLIT,12,10,5
2026-08-15,11,Road Trips,Drake,11,4,12
2026-08-15,12,Aperture,Harry Styles,13,1,21
2026-08-15,13,Bang Bang Bang,BBpanzu,14,13,5
2026-08-15,14,Lemonade,Aespa,-,11,3
2026-08-15,15,Cheetah Print,Drake & Sexyy Red,-,3,7
2026-08-22,1,Midnight Sun,Zara Larsson,1,1,41
2026-08-22,2,Stateside,PinkPantheress With Zara Larsson,2,1,46
2026-08-22,3,Lush Life,Zara Larsson,3,2,25
2026-08-22,4,misery.,pupsies,4,4,7
2026-08-22,5,Brand New Chanel$,Slayyyter,5,5,2
2026-08-22,6,Pinky Up,KATSEYE,6,2,19
2026-08-22,7,Dance...,Slayyyter,7,7,15
2026-08-22,8,REDRED,CORTIS,8,8,15
2026-08-22,9,Love Sensation,Madonna & Kylie Minogue,-,9,1
2026-08-22,10,Girl Like Me,PinkPantheress,9,9,21
2026-08-22,11,Road Trips,Drake,11,4,13
2026-08-22,12,It's Me,ILLIT,10,10,6
2026-08-22,13,Aperture,Harry Styles,12,1,22
2026-08-22,14,Bang Bang Bang,BBpanzu,13,13,6
2026-08-22,15,Lemonade,Aespa,14,11,4
